-- Adminer 4.8.1 PostgreSQL 17.5 dump

\connect "cesizen";


INSERT INTO "Detente" ("id", "nom", "description", "duree", "imagePath") VALUES
(1,	'Reflexologie',	'Matériel nécessaire :
- Une chaise ou un fauteuil confortable
- Une balle de tennis ou une petite balle souple (facultatif)

Étapes :
- Préparation : Asseyez-vous confortablement. Assurez-vous que vos pieds sont bien soutenus. Vous pouvez utiliser un peu d''huile ou de lotion pour faciliter les mouvements, si vous le souhaitez.
- Stimulation générale : Commencez par masser tout le pied avec vos mains, en faisant des mouvements circulaires. Cela permet d''échauffer les zones réflexes et de détendre les muscles.
- Travail sur la voûte plantaire :- Utilisez votre pouce pour appliquer une pression douce sur la voûte plantaire, en dessinant de petits cercles.
- Si vous avez une balle, roulez-la sous votre pied en appliquant une pression légère à moyenne. Cela stimule plusieurs points réflexes à la fois.

- Focus sur les zones clés :- Le gros orteil : Massez-le en douceur pour stimuler les zones liées à la tête et au cou.
- Le talon : Pressez doucement cette zone, associée aux organes pelviens et au bas du corps.
- Les côtés du pied : Utilisez vos doigts pour masser les côtés, correspondant aux bras et jambes.

- Relaxation : Terminez par des caresses légères sur tout le pied pour détendre les nerfs.

Durée : Cet exercice peut durer entre 5 et 10 minutes par pied.
',	10,	'/assets/photos/reflexologie.jpg'),
(2,	'Relaxation Corporelle et Mentale',	'Étapes :
- Installez-vous confortablement :
Trouvez un endroit calme où vous pourrez vous asseoir ou vous allonger sans être dérangé(e). Portez des vêtements confortables et prenez un moment pour fermer les yeux.
- Respiration profonde :- Inspirez lentement par le nez en comptant jusqu''à 4. Sentez votre abdomen se gonfler.
- Retenez votre souffle pendant 4 secondes.
- Expirez lentement par la bouche en comptant jusqu''à 6, en vidant tout l''air.
Répétez cela 5 à 10 fois pour calmer votre système nerveux.

- Détente progressive :- En commençant par les orteils, contractez doucement les muscles pendant 5 secondes, puis relâchez-les complètement.
- Remontez lentement le corps : pieds, mollets, cuisses, abdomen, bras, épaules, cou et visage. Relâchez les tensions à chaque étape.

- Visualisation positive :
Imaginez un endroit apaisant, comme une plage ensoleillée ou une forêt calme. Visualisez les détails : les sons, les odeurs, les sensations. Laissez votre esprit s''immerger dans ce lieu de sérénité.
- Retour en douceur :
Prenez quelques respirations profondes pour revenir à l''instant présent. Étirez-vous légèrement et ouvrez les yeux quand vous vous sentez prêt(e).

Durée : Cet exercice peut prendre 10 à 15 minutes selon vos besoins.
',	15,	'/assets/photos/reflexionCorporelleEtMentale.jpg'),
(3,	'Scan corporel relaxant',	'Étapes :
- Installez-vous : Trouvez un endroit calme et confortable. Vous pouvez vous allonger sur le dos ou rester assis dans une position détendue. Fermez les yeux et prenez quelques respirations profondes pour vous préparer.
- Concentrez-vous sur la respiration : Respirez lentement et profondément par le nez, en laissant votre ventre se gonfler. Expirez doucement par la bouche. Répétez pendant 2 minutes pour vous calmer.
- Dirigez votre attention vers les parties du corps :- Commencez par vos pieds. Ressentez leur poids, leur température, et toute tension présente. Relâchez doucement cette tension.
- Déplacez votre attention vers vos mollets, genoux, cuisses, en remontant progressivement. À chaque étape, concentrez-vous sur les sensations et relâchez les muscles.
- Passez au bas du corps, puis au torse, aux bras, à la nuque, et enfin au visage. Assurez-vous de détendre la mâchoire, les yeux et le front.

- Visualisez la détente : Imaginez une lumière douce ou une sensation de chaleur traversant chaque partie du corps que vous avez détendue. Laissez cette sensation s''étendre partout, comme une vague apaisante.
- Finalisez doucement : Prenez quelques instants pour vous sentir entièrement détendu(e). Étirez-vous doucement avant de revenir à votre routine.

Durée : 10 à 15 minutes.
',	15,	'/assets/photos/ScanCorporel.jpg'),
(4,	'Respiration en Cohérence Cardiaque',	'Étapes :
- Préparez-vous :- Installez-vous confortablement dans une chaise ou allongé(e).
- Posez vos mains sur vos genoux ou sur votre ventre pour mieux ressentir votre respiration.

- Respiration rythmée :- Inspirez par le nez pendant 5 secondes en gonflant doucement le ventre.
- Expirez lentement par la bouche pendant 5 secondes en rentrant doucement le ventre.
- Continuez ce cycle de respiration pendant 5 minutes. Si vous préférez, utilisez une application ou une vidéo qui guide ce rythme.

- Ajoutez une visualisation :- Imaginez, pendant l''inspiration, que vous inspirez de la sérénité et de la lumière.
- Pendant l''expiration, visualisez le stress et les tensions qui sortent de votre corps sous forme d''ombres ou de fumée.

- Prenez un moment de gratitude :- À la fin de l''exercice, pensez à trois choses pour lesquelles vous êtes reconnaissant(e). Cela prolonge les effets de la détente.',	5,	'/assets/photos/cohérence-cardiaque-respiration.jpg'),
(5,	'Respiration Alternée (Nadi Shodhana)',	'Étapes :
- Position de départ :
Asseyez-vous confortablement dans un endroit calme, avec le dos droit. Posez votre main gauche sur votre genou gauche, paume tournée vers le haut.
- Préparation de la main droite :
Avec votre main droite, pliez l''index et le majeur vers l''intérieur, en laissant le pouce, l''annulaire et l''auriculaire disponibles pour bloquer alternativement vos narines.
- Commencez la respiration :- Bloquez votre narine droite avec votre pouce, et inspirez profondément par la narine gauche.
- Bloquez votre narine gauche avec votre annulaire, relâchez votre pouce, et expirez par la narine droite.
- Inspirez par la narine droite, puis bloquez-la avec votre pouce.
- Relâchez votre annulaire et expirez par la narine gauche.
Cela complète un cycle. Continuez pendant 5 à 10 cycles.
- Rythme et focus : Adoptez un rythme lent et régulier. Essayez de vous concentrer uniquement sur votre respiration et laissez de côté les pensées intrusives.
- Finalisez en douceur : Après avoir terminé, reposez votre main droite sur votre genou, prenez quelques respirations normales et profitez de la sensation de calme.',	1,	'/assets/photos/Nadi-Shodhana.jpg');

INSERT INTO "Diagnostic" ("id", "evenement", "points") VALUES
(2,	'Divorce',	73),
(3,	'Séparation des époux',	65),
(4,	'Mort d’un parent proche',	63),
(5,	'Période de prison',	63),
(6,	'Blessure corporelle ou maladie',	53),
(7,	'Mariage',	50),
(8,	'Licenciement',	47),
(9,	'Réconciliation entre époux',	45),
(10,	'Départ à la retraite',	45),
(11,	'Changement dans la santé d’un membre de la famille',	44),
(12,	'Grossesse',	40),
(13,	'Difficultés sexuelles',	39),
(14,	'Arrivée d’un nouveau membre dans la famille',	39),
(15,	'Changement dans l’univers du travail',	39),
(16,	'Changement au niveau financier',	38),
(17,	'Mort d’un ami proche',	37),
(18,	'Changement de fonction professionnelle',	36),
(19,	'Modification de la fréquence des scènes de ménage',	35),
(20,	'Hypothèque ou emprunt de plus de 3.000 €',	31),
(21,	'Saisie sur hypothèque ou sur prêt',	30),
(22,	'Changement de responsabilité dans le travail',	29),
(23,	'Départ du foyer d’une fille ou d’un fils',	29),
(24,	'Difficultés avec les beaux-parents',	29),
(25,	'Succès exceptionnel',	28),
(26,	'Conjoint commençant ou cessant de travailler',	26),
(27,	'Début ou fin des études',	26),
(28,	'Changement dans les conditions de vie',	25),
(29,	'Changement d’habitudes',	24),
(30,	'Difficultés avec son employeur/son manager',	23),
(31,	'Changement d’horaires ou de conditions de travail',	20),
(32,	'Changement de domicile',	20),
(33,	'Changement de lieu d’étude',	20),
(34,	'Changement dans les loisirs',	19),
(35,	'Changement dans les activités de la paroisse',	19),
(36,	'Changement dans les activités sociales',	19),
(37,	'Hypothèque ou emprunt de moins de 3.000€',	17),
(38,	'Changement dans les habitudes de sommeil',	16),
(39,	'Changement du nombre de réunions de famille',	15),
(40,	'Changement dans les habitudes alimentaires',	15),
(41,	'Vacances',	13),
(42,	'Noël',	12),
(43,	'Infractions mineures à la loi, contraventions',	11),
(1,	'Mort du conjoint',	100);


INSERT INTO "Emotion" ("id", "emotion", "emotionBase") VALUES
(1,	'Fierté',	'Joie'),
(2,	'Contentement',	'Joie'),
(3,	'Enchantement',	'Joie'),
(4,	'Excitation',	'Joie'),
(5,	'Émerveillement',	'Joie'),
(6,	'Gratitude',	'Joie'),
(7, 'Frustration',	'Colère'),
(8, 'Irritation',	'Colère'),
(9, 'Rage',	'Colère'),
(10, 'Ressentiment',	'Colère'),
(11, 'Agacement',	'Colère'),
(12, 'Hostilité',	'Colère'),
(13,	'Inquiétude',	'Peur'),
(14,	'Anxiété',	'Peur'),
(15,	'Terreur',	'Peur'),
(16,	'Appréhension',	'Peur'),
(17,	'Panique',	'Peur'),
(18,	'Crainte',	'Peur'),
(19,	'Chagrin',	'Tristesse'),
(20,	'Mélancolie',	'Tristesse'),
(21,	'Abattement',	'Tristesse'),
(22,	'Désespoir',	'Tristesse'),
(23,	'Solitude',	'Tristesse'),
(24,	'Dépression',	'Tristesse'),
(25,	'Étonnement',	'Surprise'),
(26,	'Stupéfaction',	'Surprise'),
(27,	'Sidération',	'Surprise'),
(28,	'Incrédule',	'Surprise'),
(29,	'Émerveillement',	'Surprise'),
(30,	'Confusion',	'Surprise'),
(31,	'Répulsion',	'Dégoût'),
(32,	'Déplaisir',	'Dégoût'),
(33,	'Nausée',	'Dégoût'),
(34,	'Dédain',	'Dégoût'),
(35,	'Horreur',	'Dégoût'),
(36,	'Dégoût profond',	'Dégoût');


INSERT INTO "Information" ("id", "titre", "contenu", "dateCreation", "dateModification") VALUES
(6,	'L''importance de parler et de briser le tabou autour de la santé mentale',	'    <h1>L''importance de parler et de briser le tabou autour de la santé mentale</h1>

    <h2>Introduction</h2>
    <p>Malgré les progrès significatifs réalisés en matière de sensibilisation, la santé mentale reste entourée de stigmates et de tabous dans de nombreuses sociétés. Pourtant, parler ouvertement de la santé mentale est essentiel pour favoriser une meilleure compréhension, encourager les personnes à chercher de l''aide et créer une communauté plus inclusive. Cet article explore pourquoi briser ce tabou est crucial et comment nous pouvons y parvenir.</p>

    <h2>Pourquoi le tabou persiste-t-il ?</h2>
    <p>Plusieurs raisons contribuent à la stigmatisation de la santé mentale :</p>
    <ul>
        <li><strong>Manque d''éducation :</strong> Les troubles mentaux sont souvent mal compris ou mal interprétés comme une faiblesse personnelle.</li>
        <li><strong>Peur du jugement :</strong> Les individus hésitent à s''exprimer de peur d''être discriminés ou marginalisés.</li>
        <li><strong>Influence culturelle :</strong> Certaines cultures considèrent la santé mentale comme un sujet tabou, renforçant ainsi le silence.</li>
    </ul>
    <p>Ces facteurs empêchent de nombreuses personnes d''aborder leurs problèmes ou de chercher un traitement approprié.</p>

    <h2>Les conséquences du silence</h2>
    <p>Le manque de discussion ouverte autour de la santé mentale peut avoir des impacts graves :</p>
    <ul>
        <li><strong>Isolement :</strong> Ceux qui souffrent peuvent se sentir seuls ou incompris.</li>
        <li><strong>Retard dans le traitement :</strong> Le silence peut empêcher les individus de demander de l''aide, aggravant leur condition.</li>
        <li><strong>Renforcement des préjugés :</strong> Le manque de dialogue alimente la désinformation et les idées reçues.</li>
    </ul>

    <h2>Les bénéfices d''une conversation ouverte</h2>
    <p>Briser le tabou autour de la santé mentale apporte des avantages significatifs :</p>
    <ul>
        <li><strong>Encourager la recherche d''aide :</strong> Les discussions ouvertes normalisent le fait de demander de l''aide, ce qui augmente le nombre de personnes bénéficiant d''un soutien.</li>
        <li><strong>Renforcer le soutien communautaire :</strong> Une communication transparente crée un espace où les individus se sentent écoutés et compris.</li>
        <li><strong>Sensibiliser et éduquer :</strong> En partageant des histoires et des connaissances, nous réduisons la désinformation et construisons une société plus empathique.</li>
    </ul>

    <h2>Comment briser le tabou</h2>
    <ul>
        <li><strong>Parler de sa propre expérience :</strong> Partager des témoignages personnels peut encourager les autres à faire de même et à se sentir moins seuls.</li>
        <li><strong>Éducation et sensibilisation :</strong> Organiser des campagnes et événements pour informer sur la santé mentale. Intégrer des cours sur la santé mentale dans les programmes scolaires.</li>
        <li><strong>Langage inclusif :</strong> Adopter un discours respectueux et informé aide à éliminer les stigmates.</li>
        <li><strong>Soutenir les initiatives locales :</strong> Encourager les services de santé mentale dans les entreprises et les écoles. Participer ou promouvoir des groupes de soutien.</li>
        <li><strong>S''impliquer en tant qu''allié :</strong> Écoutez activement lorsque quelqu''un parle de ses problèmes. Réduisez la stigmatisation en contestant les idées fausses ou les stéréotypes.</li>
    </ul>

    <h2>Un exemple inspirant</h2>
    <p>Des figures publiques comme Simone Biles, athlète de haut niveau, ou encore Lady Gaga, ont ouvertement parlé de leurs luttes avec la santé mentale. Ces témoignages ont contribué à réduire les préjugés et à inciter d''autres à parler de leurs propres défis.</p>

    <h2>Conclusion</h2>
    <p>La santé mentale est tout aussi importante que la santé physique. En brisant le silence et en engageant des conversations ouvertes et respectueuses, nous pouvons créer une société où chacun se sent libre d''aborder ses luttes sans crainte de jugement. Ensemble, nous pouvons bâtir un monde plus inclusif et compatissant.</p>',	'2025-04-01 00:00:00',	'2025-04-01 00:00:00'),
(4,	'Comment identifier et gérer l''anxiété au quotidien',	'  <h1>Comment identifier et gérer l''anxiété au quotidien</h1>

  <h2>Introduction</h2>
  <p>L''anxiété est une réaction naturelle au stress ou aux situations perçues comme menaçantes. Cependant, lorsqu''elle devient persistante et envahissante, elle peut affecter la qualité de vie. Cet article vous aidera à reconnaître les signes de l''anxiété et à découvrir des stratégies efficaces pour la gérer au quotidien.</p>

  <h2>Identifier les symptômes de l''anxiété</h2>
  <p>L''anxiété peut se manifester de plusieurs manières, touchant à la fois le corps et l''esprit. Voici les signes les plus courants :</p>
  <ul>
    <li><strong>Symptômes physiques :</strong>
      <ul>
        <li>Palpitations cardiaques</li>
        <li>Tensions musculaires</li>
        <li>Difficultés respiratoires ou sensation d''étouffement</li>
        <li>Tremblements ou sueurs</li>
        <li>Problèmes digestifs (maux de ventre, nausées)</li>
      </ul>
    </li>
    <li><strong>Symptômes psychologiques :</strong>
      <ul>
        <li>Pensées intrusives ou inquiétudes excessives</li>
        <li>Difficulté à se concentrer ou à se détendre</li>
        <li>Irritabilité ou nervosité constante</li>
        <li>Peur incontrôlable ou sentiment de danger imminent</li>
      </ul>
    </li>
    <li><strong>Symptômes comportementaux :</strong>
      <ul>
        <li>Évitement de certaines situations ou lieux</li>
        <li>Troubles du sommeil (insomnie ou cauchemars fréquents)</li>
      </ul>
    </li>
  </ul>

  <h2>Techniques pour gérer l''anxiété au quotidien</h2>
  <ul>
    <li><strong>Pratiquer la respiration contrôlée :</strong>
      <p>La respiration profonde peut réduire instantanément l''anxiété :</p>
      <ul>
        <li>Inspirez lentement par le nez pendant 4 secondes.</li>
        <li>Retenez votre souffle pendant 4 secondes.</li>
        <li>Expirez doucement par la bouche pendant 6 à 8 secondes.</li>
      </ul>
      <p>Répétez ce cycle jusqu''à ce que vous vous sentiez plus calme.</p>
    </li>
    <li>
      <strong>Utiliser la pleine conscience (mindfulness) :</strong>
      <ul>
        <li>Concentrez-vous sur l''instant présent pour éviter de ressasser le passé ou d''anticiper le futur.</li>
        <li>Essayez une méditation guidée ou observez consciemment votre environnement (sons, odeurs, sensations).</li>
      </ul>
    </li>
    <li>
      <strong>Créer une routine apaisante :</strong>
      <ul>
        <li>Structurez votre journée pour réduire l''incertitude.</li>
        <li>Intégrez des activités relaxantes comme le yoga, la lecture ou l''écoute de musique douce.</li>
      </ul>
    </li>
    <li>
      <strong>Repenser les pensées négatives :</strong>
      <ul>
        <li>Écrivez vos inquiétudes pour prendre du recul.</li>
        <li>Demandez-vous : "Quelle est la probabilité réelle que cela arrive ?" ou "Puis-je y faire face si cela se produit ?"</li>
      </ul>
    </li>
    <li>
      <strong>Faire de l''exercice régulièrement :</strong>
      <p>L''activité physique libère des endorphines, améliorant votre humeur et réduisant les symptômes d''anxiété. Même une marche rapide de 20 minutes peut faire la différence.</p>
    </li>
    <li>
      <strong>Maintenir une hygiène de vie saine :</strong>
      <ul>
        <li>Dormez au moins 7 à 8 heures par nuit.</li>
        <li>Réduisez votre consommation de caféine et d''alcool.</li>
        <li>Mangez équilibré pour stabiliser votre énergie et votre humeur.</li>
      </ul>
    </li>
  </ul>

  <h2>Quand demander de l''aide ?</h2>
  <p>Si l''anxiété interfère gravement avec votre vie quotidienne ou devient incontrôlable, il est important de consulter un professionnel. Les thérapies cognitivo-comportementales (TCC) et, dans certains cas, les traitements médicamenteux peuvent être très efficaces.</p>

  <h2>Conclusion</h2>
  <p>L''anxiété est une expérience commune, mais avec les bonnes stratégies et le soutien nécessaire, elle peut être gérée. Essayez différentes approches pour voir ce qui fonctionne le mieux pour vous, et souvenez-vous : vous n''êtes pas seul(e) face à cela.</p>
',	'2025-04-09 00:00:00',	'2025-04-09 00:00:00'),
(3,	'La résilience : développer une mentalité plus forte face aux défis de la vie',	'  <h1>La résilience : développer une mentalité plus forte face aux défis de la vie</h1>

  <h2>Introduction</h2>
  <p>La résilience est souvent décrite comme la capacité de rebondir face aux défis, aux échecs et aux adversités. Cependant, elle va bien au-delà de simplement "tenir le coup". C''est un processus dynamique qui implique de s''adapter, de grandir et parfois de se réinventer. Dans cet article, nous explorerons ce qu''est réellement la résilience, pourquoi elle est cruciale, et comment la développer pour surmonter les moments difficiles.</p>

  <h2>Qu''est-ce que la résilience ?</h2>
  <p>La résilience n''est pas un trait inné que certaines personnes possèdent et d''autres non. C''est une compétence qui peut être apprise et renforcée au fil du temps. Elle repose sur plusieurs piliers, tels que :</p>
  <ul>
    <li><strong>L''adaptabilité :</strong> Savoir s''ajuster aux circonstances changeantes.</li>
    <li><strong>L''optimisme réaliste :</strong> Maintenir une vision positive tout en reconnaissant les défis.</li>
    <li><strong>Le soutien social :</strong> S''appuyer sur un réseau de proches pour traverser les épreuves.</li>
  </ul>

  <h2>Pourquoi la résilience est-elle importante ?</h2>
  <ul>
    <li><strong>Elle permet de réduire l''impact du stress :</strong> Les personnes résilientes peuvent mieux gérer les tensions quotidiennes.</li>
    <li><strong>Elle favorise la croissance personnelle :</strong> Les épreuves deviennent des opportunités d''apprentissage et de développement.</li>
    <li><strong>Elle améliore la santé mentale et physique :</strong> Une bonne résilience est liée à une diminution des troubles liés au stress, comme l''anxiété et la dépression.</li>
  </ul>

  <h2>Comment développer sa résilience</h2>
  <ul>
    <li><strong>Cultiver une mentalité de croissance :</strong> Adoptez la croyance que vous pouvez apprendre et évoluer grâce aux difficultés. Par exemple, regardez les échecs non pas comme des obstacles, mais comme des opportunités de grandir.</li>
    <li><strong>Pratiquer l''autocompassion :</strong> Soyez indulgent envers vous-même lorsque vous traversez des moments difficiles. Évitez les jugements sévères et rappelez-vous que l''échec fait partie du parcours.</li>
    <li><strong>Établir des objectifs clairs :</strong> Avoir une vision ou des objectifs à long terme peut donner un sens aux défis, transformant les obstacles en étapes vers une plus grande réalisation.</li>
    <li><strong>Construire un réseau de soutien :</strong> L''entraide et les relations positives renforcent la résilience. Partager vos émotions avec des proches ou des professionnels peut aussi être salvateur.</li>
    <li><strong>Adopter des pratiques saines :</strong>
      <ul>
        <li>L''activité physique, la méditation et un sommeil de qualité sont essentiels pour maintenir une force mentale.</li>
        <li>Une alimentation équilibrée joue également un rôle clé.</li>
      </ul>
    </li>
    <li><strong>Utiliser des techniques de gestion du stress :</strong> Essayez des exercices de respiration, des affirmations positives ou des moments de déconnexion numérique pour réduire la charge mentale.</li>
  </ul>

  <h2>Histoires inspirantes de résilience</h2>
  <ul>
    <li><strong>J.K. Rowling :</strong> Avant le succès mondial d''Harry Potter, elle a surmonté le chômage et la dépression, tout en écrivant son premier livre.</li>
    <li><strong>Nelson Mandela :</strong> Ses 27 années d''emprisonnement ne l''ont pas empêché de poursuivre son rêve d''une Afrique du Sud libre et unifiée.</li>
  </ul>

  <h2>Conclusion</h2>
  <p>La résilience n''est pas une destination, mais un voyage. Chaque étape vers une mentalité plus résiliente renforce votre capacité à transformer les défis en opportunités. Avec le temps, vous apprendrez non seulement à survivre, mais aussi à prospérer, peu importe les obstacles.</p>
',	'2025-04-09 00:00:00',	'2025-04-09 00:00:00'),
(5,	'Les bienfaits de l''activité physique sur la santé mentale',	'  <h1>Les bienfaits de l''activité physique sur la santé mentale</h1>

  <h2>Introduction</h2>
  <p>On sait depuis longtemps que bouger est essentiel pour la santé physique, mais les effets positifs de l''exercice sur le bien-être mental sont tout aussi importants, bien qu''ils soient parfois sous-estimés. Dans cet article, nous examinons pourquoi l''activité physique est une arme puissante contre le stress, la dépression et l''anxiété, tout en favorisant une meilleure qualité de vie.</p>

  <h2>Les mécanismes biologiques du bien-être</h2>
  <p>L''activité physique influence directement le cerveau et les systèmes du corps :</p>
  <ul>
    <li><strong>Libération d''endorphines :</strong> Ces "hormones du bonheur" améliorent l''humeur et réduisent la sensation de douleur.</li>
    <li><strong>Augmentation de la sérotonine :</strong> L''exercice régule les niveaux de sérotonine, ce qui aide à stabiliser l''humeur.</li>
    <li><strong>Réduction du cortisol :</strong> Le cortisol, l''hormone du stress, diminue après une activité physique régulière.</li>
  </ul>
  <p>Ces effets biologiques créent une combinaison puissante pour améliorer le bien-être mental.</p>

  <h2>Les bienfaits spécifiques de l''exercice</h2>
  <ul>
    <li><strong>Réduction du stress et de l''anxiété :</strong>
      <ul>
        <li>L''activité physique agit comme une distraction saine face aux pensées négatives ou aux préoccupations.</li>
        <li>Les exercices comme le yoga ou le tai-chi sont particulièrement efficaces pour calmer l''esprit grâce à des mouvements fluides et une respiration profonde.</li>
      </ul>
    </li>
    <li><strong>Amélioration du sommeil :</strong> Faire de l''exercice aide à réguler le cycle du sommeil. Une activité modérée à intense permet d''obtenir un sommeil plus profond et réparateur.</li>
    <li><strong>Boost de l''estime de soi :</strong> Atteindre des objectifs physiques, même modestes, renforce la confiance en soi. Cela peut inclure des activités comme courir une distance donnée ou apprendre une nouvelle danse.</li>
    <li><strong>Soulagement de la dépression :</strong> Des études montrent que l''exercice peut être aussi efficace que certains traitements médicamenteux pour des formes légères à modérées de dépression.</li>
    <li><strong>Lien social :</strong> Participer à des activités en groupe, comme des cours de fitness ou des sports d''équipe, favorise la création de relations positives et réduit le sentiment de solitude.</li>
  </ul>

  <h2>Quel type d''activité choisir ?</h2>
  <p>La clé est de trouver une activité qui vous plaît et que vous êtes susceptible de pratiquer régulièrement :</p>
  <ul>
    <li><strong>Activités cardiovasculaires :</strong> Marche rapide, jogging, vélo ou natation.</li>
    <li><strong>Exercices doux :</strong> Yoga, pilates, tai-chi.</li>
    <li><strong>Sports en équipe :</strong> Football, basketball, ou volley-ball.</li>
    <li><strong>Activités créatives :</strong> Danse ou randonnée dans la nature.</li>
  </ul>

  <h2>Astuce pour intégrer l''activité physique au quotidien</h2>
  <ul>
    <li>Fixez-vous des objectifs réalistes (30 minutes de marche 3 fois par semaine, par exemple).</li>
    <li>Écoutez de la musique ou des podcasts pour rendre l''exercice plus agréable.</li>
    <li>Essayez de pratiquer en plein air, car la nature améliore également le bien-être mental.</li>
  </ul>

  <h2>Conclusion</h2>
  <p>L''activité physique n''est pas seulement bénéfique pour le corps ; c''est une véritable alliée pour cultiver une bonne santé mentale. Peu importe votre niveau de forme physique actuel, chaque petit effort compte et contribue à améliorer votre qualité de vie. Alors, bougez, et votre esprit vous remerciera !</p>
',	'2025-04-10 00:00:00',	'2024-04-11 00:00:00'),
(7,	'Les impacts des réseaux sociaux sur la santé mentale des jeunes',	'  <h1>Les réseaux sociaux et leur impact sur la santé mentale</h1>

  <h2>Introduction</h2>
  <p>Les réseaux sociaux sont omniprésents dans la vie des jeunes, offrant des possibilités de communication, de créativité et de partage. Cependant, leur utilisation intensive peut aussi avoir des effets négatifs sur la santé mentale. Dans cet article, nous examinons les avantages et les inconvénients des réseaux sociaux, ainsi que des conseils pour les utiliser de manière équilibrée.</p>

  <h2>Les avantages des réseaux sociaux</h2>
  <ul>
    <li><strong>Création de liens sociaux :</strong>
      <ul>
        <li>Les réseaux permettent de rester connecté(e) avec des amis et de la famille, même à distance.</li>
        <li>Ils offrent une plateforme pour rencontrer des personnes ayant des intérêts similaires, renforçant ainsi le sentiment de communauté.</li>
      </ul>
    </li>
    <li><strong>Expression de soi :</strong>
      <ul>
        <li>Les jeunes peuvent partager leurs passions, talents et idées, ce qui peut stimuler l''estime de soi.</li>
        <li>Les réseaux sociaux permettent également de sensibiliser à des causes importantes et de développer un engagement social.</li>
      </ul>
    </li>
    <li><strong>Accès à l''information :</strong>
      <ul>
        <li>Ils offrent une multitude de ressources éducatives et d''informations sur divers sujets.</li>
        <li>Ils peuvent être un outil pour trouver du soutien et des conseils sur la santé mentale.</li>
      </ul>
    </li>
  </ul>

  <h2>Les défis et impacts négatifs</h2>
  <ul>
    <li><strong>Comparaison sociale :</strong> Les images idéalisées et les succès partagés en ligne peuvent entraîner des sentiments d''infériorité et une baisse de l''estime de soi.</li>
    <li><strong>Cyberharcèlement :</strong> Les critiques, les moqueries et les attaques en ligne peuvent gravement affecter la confiance en soi et provoquer de l''anxiété ou de la dépression.</li>
    <li><strong>Dépendance numérique :</strong> Une utilisation excessive des réseaux sociaux peut perturber le sommeil, réduire la concentration et augmenter le stress.</li>
    <li><strong>Isolement social :</strong> Paradoxalement, être constamment connecté(e) en ligne peut éloigner les jeunes des interactions sociales réelles, créant un sentiment de solitude.</li>
    <li><strong>Surinformation :</strong> L''accès à un flux constant de nouvelles et d''informations peut provoquer une surcharge cognitive et augmenter l''anxiété.</li>
  </ul>

  <h2>Conseils pour une utilisation équilibrée</h2>
  <ul>
    <li><strong>Fixer des limites :</strong> Déterminez des horaires précis pour l''utilisation des réseaux sociaux afin de prévenir la surconsommation.</li>
    <li><strong>Prioriser les interactions réelles :</strong> Encouragez les jeunes à consacrer du temps aux activités hors ligne, comme passer du temps avec des amis ou pratiquer un sport.</li>
    <li><strong>Suivre des comptes positifs :</strong> Invitez-les à s''abonner à des comptes qui les inspirent et les encouragent, plutôt qu''à ceux qui les font se sentir mal.</li>
    <li><strong>Sensibiliser aux dangers du cyberharcèlement :</strong> Éduquez les jeunes sur les outils pour signaler les abus et la nécessité de ne pas participer à des comportements nuisibles en ligne.</li>
    <li><strong>Pratiquer la déconnexion :</strong> Introduisez des moments sans écran, comme un "digital detox" hebdomadaire pour se reconnecter avec soi-même et ses proches.</li>
  </ul>

  <h2>Conclusion</h2>
  <p>Les réseaux sociaux offrent des opportunités incroyables, mais il est essentiel d''être conscient des effets potentiels sur la santé mentale. En adoptant des pratiques équilibrées et responsables, les jeunes peuvent tirer parti des avantages des réseaux sociaux tout en minimisant leurs impacts négatifs.</p>
',	'2025-03-15 00:00:00',	'2025-03-12 00:00:00'),
(8,	'L''art-thérapie : une méthode créative pour se soigner',	'  <h1>L''art-thérapie : Explorer les émotions et favoriser le bien-être</h1>

  <h2>Introduction</h2>
  <p>L''art-thérapie est une approche thérapeutique qui utilise la création artistique pour explorer les émotions, favoriser la guérison et améliorer le bien-être mental. Cette méthode ne nécessite aucun talent ou compétence artistique particulière. Dans cet article, nous découvrirons comment l''art-thérapie fonctionne, ses nombreux bienfaits, et les moyens de l''intégrer dans votre quotidien.</p>

  <h2>Qu''est-ce que l''art-thérapie ?</h2>
  <p>L''art-thérapie repose sur l''idée que l''expression créative peut servir de passerelle pour traiter les émotions difficiles et les expériences traumatiques. Voici ses principes fondamentaux :</p>
  <ul>
    <li><strong>Créer sans jugement :</strong> L''important est le processus de création, et non le résultat final.</li>
    <li><strong>Utiliser l''art comme moyen de communication :</strong> L''art permet d''exprimer ce qui est parfois difficile à verbaliser.</li>
    <li><strong>Favoriser la connexion corps-esprit :</strong> La pratique artistique aide à rester ancré dans le moment présent.</li>
  </ul>
  <p>Les formes d''art utilisées peuvent inclure le dessin, la peinture, la sculpture, la musique, la danse ou même l''écriture créative.</p>

  <h2>Les bienfaits de l''art-thérapie</h2>
  <ul>
    <li><strong>Réduction du stress :</strong> La création artistique peut agir comme une méditation, aidant à calmer l''esprit et à réduire le stress.</li>
    <li><strong>Exploration des émotions :</strong> Les couleurs, formes et textures utilisées permettent d''extérioriser et de comprendre ses sentiments.</li>
    <li><strong>Renforcement de l''estime de soi :</strong> Créer quelque chose de tangible peut donner un sentiment d''accomplissement et renforcer la confiance en soi.</li>
    <li><strong>Aide à la résilience :</strong> L''art-thérapie est souvent utilisée pour traiter les traumatismes, favorisant une guérison émotionnelle en douceur.</li>
    <li><strong>Amélioration des capacités cognitives :</strong> Elle stimule la concentration, la résolution de problèmes et l''imagination.</li>
  </ul>

  <h2>Comment intégrer l''art-thérapie dans votre vie ?</h2>
  <ul>
    <li><strong>Ateliers guidés par des professionnels :</strong> Participer à des séances avec un art-thérapeute certifié est une excellente façon d''explorer cette méthode en profondeur.</li>
    <li><strong>Création à domicile :</strong> Aménagez un espace dédié à la création, comme un coin avec des crayons, pinceaux ou argile. Laissez libre cours à votre imagination sans vous soucier du résultat.</li>
    <li><strong>Expérimentez différentes formes d''art :</strong> Essayez le journal artistique (dessins et écriture), la peinture intuitive ou même la danse improvisée.</li>
    <li><strong>Partagez vos créations :</strong> Rejoindre un groupe artistique peut favoriser les échanges et renforcer le sentiment d''appartenance.</li>
  </ul>

  <h2>Témoignages inspirants</h2>
  <ul>
    <li><strong>Alexandra, 34 ans :</strong> "La peinture a changé ma manière de gérer l''anxiété. C''est comme si mes émotions prenaient forme sur la toile, me libérant petit à petit."</li>
    <li><strong>Thomas, 19 ans :</strong> "J''ai commencé à écrire des poèmes pour exprimer mes pensées. Cela m''a permis de mieux comprendre mes luttes."</li>
  </ul>

  <h2>Conclusion</h2>
  <p>L''art-thérapie est une méthode accessible et transformatrice pour soigner l''esprit et le cœur. Que ce soit dans un cadre professionnel ou à la maison, elle offre un espace de liberté et de découverte de soi. Alors, pourquoi ne pas sortir une feuille et un crayon pour commencer votre propre voyage créatif ?</p>
',	'2025-01-01 00:00:00',	'2025-03-12 00:00:00'),
(9,	'Le rôle du sommeil dans la santé mentale',	'  <h1>Le sommeil et son impact sur la santé mentale</h1>

  <h2>Introduction</h2>
  <p>Le sommeil joue un rôle crucial dans notre bien-être global, mais son importance pour la santé mentale est souvent sous-estimée. Insomnie, mauvais sommeil ou sommeil insuffisant peuvent avoir des effets significatifs sur l''humeur, la mémoire, la concentration et même exacerber des troubles mentaux existants. Dans cet article, nous explorons les liens entre sommeil et santé mentale, ainsi que des conseils pour améliorer la qualité de votre repos.</p>

  <h2>Comment le sommeil influence-t-il la santé mentale ?</h2>
  <ul>
    <li><strong>Régulation des émotions :</strong> Un sommeil adéquat aide le cerveau à mieux traiter les émotions et les souvenirs. En revanche, un manque de sommeil peut amplifier les émotions négatives et diminuer la capacité à gérer le stress.</li>
    <li><strong>Impact sur les troubles anxieux et dépressifs :</strong> Les troubles du sommeil, comme l''insomnie, sont souvent associés à des conditions telles que l''anxiété ou la dépression. Un cercle vicieux peut s''installer : ces troubles nuisent au sommeil, et un mauvais sommeil aggrave ces troubles.</li>
    <li><strong>Récupération cognitive :</strong> Pendant le sommeil, le cerveau élimine les toxines accumulées et consolide les informations apprises. Un sommeil perturbé peut affecter la mémoire, la prise de décision et la concentration.</li>
    <li><strong>Effets hormonaux :</strong> Le sommeil régule des hormones essentielles, comme le cortisol (hormone du stress) et la sérotonine (liée au bien-être), influençant directement l''équilibre mental.</li>
  </ul>

  <h2>Conseils pour améliorer la qualité de votre sommeil</h2>
  <ul>
    <li><strong>Créer une routine de sommeil :</strong> Couchez-vous et levez-vous à des heures régulières, même les week-ends.</li>
    <li><strong>Éviter les écrans avant de dormir :</strong> La lumière bleue des appareils électroniques perturbe la production de mélatonine, une hormone nécessaire au sommeil.</li>
    <li><strong>Aménager un environnement propice au sommeil :</strong> Rendez votre chambre sombre, calme et confortable.</li>
    <li><strong>Limiter les stimulants :</strong> Réduisez la consommation de caféine et d''alcool, en particulier en fin de journée.</li>
    <li><strong>Pratiquer des techniques de relaxation :</strong> Intégrez des exercices comme la respiration profonde ou la méditation avant de dormir.</li>
    <li><strong>Adopter des rituels apaisants :</strong> Lire un livre, écouter de la musique douce ou boire une tisane peuvent signaler à votre corps qu''il est temps de se détendre.</li>
  </ul>

  <h2>Quand consulter un spécialiste ?</h2>
  <p>Si les troubles du sommeil persistent ou affectent gravement votre vie quotidienne, il est important de consulter un professionnel de la santé. Des troubles comme l''insomnie chronique, l''apnée du sommeil ou la narcolepsie nécessitent une évaluation et un traitement adaptés.</p>

  <h2>Conclusion</h2>
  <p>Le sommeil est bien plus qu''une simple pause pour le corps et l''esprit : c''est un pilier fondamental de la santé mentale. En accordant une attention particulière à vos habitudes de sommeil, vous pouvez améliorer votre bien-être global, réduire le stress et prévenir divers troubles psychologiques. Prenez soin de votre sommeil, il prend soin de vous.</p>
',	'2024-08-11 00:00:00',	'2024-11-13 00:00:00'),
(10,	'L''impact de l''alimentation sur le cerveau et la santé mentale',	'  <h1>Nutrition et santé mentale : Nourrir son esprit</h1>

  <h2>Introduction</h2>
  <p>"Nous sommes ce que nous mangeons" : cette phrase s''applique également à notre santé mentale. Une alimentation équilibrée et riche en nutriments joue un rôle clé dans le fonctionnement du cerveau et le bien-être émotionnel. Dans cet article, nous explorons les liens entre nutrition et santé mentale, ainsi que les aliments à privilégier pour nourrir votre esprit autant que votre corps.</p>

  <h2>Le cerveau et les nutriments essentiels</h2>
  <p>Le cerveau, bien que petit, consomme environ 20 % de l''énergie totale du corps. Pour fonctionner de manière optimale, il a besoin de nutriments spécifiques :</p>
  <ul>
    <li><strong>Oméga-3 :</strong>
      <ul>
        <li>Ces acides gras présents dans le poisson (saumon, sardines), les noix et les graines sont essentiels pour la communication entre les cellules du cerveau.</li>
        <li>Ils contribuent à réduire l''inflammation, souvent associée à des troubles tels que la dépression et l''anxiété.</li>
      </ul>
    </li>
    <li><strong>Vitamines B :</strong>
      <ul>
        <li>Les vitamines du complexe B (comme B6, B12 et folates) sont impliquées dans la production de neurotransmetteurs comme la sérotonine, qui régule l''humeur.</li>
        <li>On les trouve dans les céréales complètes, les légumes verts et les œufs.</li>
      </ul>
    </li>
    <li><strong>Magnésium :</strong> Le magnésium aide à réduire le stress et favorise un sommeil réparateur. Les aliments comme les amandes, les avocats et les épinards en sont riches.</li>
    <li><strong>Antioxydants :</strong> Les baies, le thé vert et le chocolat noir protègent le cerveau contre les radicaux libres, préservant ainsi la mémoire et les fonctions cognitives.</li>
  </ul>

  <h2>Les effets d''une mauvaise alimentation</h2>
  <p>Une alimentation déséquilibrée ou riche en sucres raffinés peut avoir des effets négatifs sur la santé mentale :</p>
  <ul>
    <li><strong>Augmentation de l''anxiété :</strong> Les fluctuations de la glycémie causées par une consommation excessive de sucres peuvent aggraver l''anxiété.</li>
    <li><strong>Dépression :</strong> Une carence en certains nutriments, comme les oméga-3 ou les vitamines B, est souvent liée à des symptômes dépressifs.</li>
    <li><strong>Fatigue mentale :</strong> Une alimentation pauvre en nutriments peut diminuer la capacité de concentration et affecter la mémoire.</li>
  </ul>

  <h2>Les aliments à intégrer pour une meilleure santé mentale</h2>
  <ul>
    <li><strong>Poissons gras :</strong> Saumon, maquereau, sardines, riches en oméga-3.</li>
    <li><strong>Légumes à feuilles vertes :</strong> Épinards, chou frisé, riches en magnésium et vitamines B.</li>
    <li><strong>Céréales complètes :</strong> Riz brun, quinoa, qui stabilisent la glycémie.</li>
    <li><strong>Noix et graines :</strong> Amandes, noix de chia, parfaites pour l''énergie mentale.</li>
    <li><strong>Fruits riches en antioxydants :</strong> Baies (myrtilles, framboises) pour protéger les cellules cérébrales.</li>
  </ul>

  <h2>Conseils pratiques pour améliorer son alimentation</h2>
  <ul>
    <li><strong>Planifiez vos repas :</strong> Intégrez des aliments riches en nutriments dans chaque repas.</li>
    <li><strong>Évitez les aliments ultra-transformés :</strong> Préférez les produits frais et locaux.</li>
    <li><strong>Hydratez-vous :</strong> L''eau est essentielle au bon fonctionnement du cerveau.</li>
    <li><strong>Essayez des recettes simples et équilibrées :</strong> Une salade composée avec des légumes verts, du saumon et des graines de chia est un bon exemple.</li>
  </ul>

  <h2>Conclusion</h2>
  <p>L''alimentation est une fondation essentielle de la santé mentale. En choisissant les bons aliments, vous pouvez non seulement nourrir votre corps, mais aussi améliorer votre humeur, votre énergie et votre capacité à gérer le stress. Prenez soin de votre assiette, et votre cerveau vous en remerciera.</p>
',	'2025-02-20 00:00:00',	'2025-02-20 00:00:00'),
(11,	'Soutenir un proche en difficulté : comment apporter de l''aide sans s''épuiser',	'  <h1>Soutenir un proche en difficulté mentale sans s’épuiser</h1>

  <h2>Introduction</h2>
  <p>Aider un proche en difficulté mentale ou émotionnelle est un acte de bienveillance et de compassion. Cependant, ce rôle peut être émotionnellement exigeant et épuisant si vous n’établissez pas de limites claires. Dans cet article, nous explorerons des stratégies pour soutenir vos proches tout en préservant votre propre santé mentale.</p>

  <h2>Comprendre leurs besoins</h2>
  <ul>
    <li><strong>Écouter activement :</strong> Parfois, les personnes en difficulté ont simplement besoin d''être écoutées. Assurez-vous de leur offrir votre attention, sans interrompre ou juger.</li>
    <li><strong>Valider leurs émotions :</strong> Montrez-leur que vous comprenez ce qu''ils ressentent en disant des phrases comme : "Je comprends que cela puisse être difficile pour toi."</li>
    <li><strong>Éviter de minimiser leurs sentiments :</strong> Des phrases comme "Ce n''est pas si grave" peuvent invalider leurs émotions et aggraver leur isolement.</li>
  </ul>

  <h2>Soutenir sans s''épuiser</h2>
  <ul>
    <li><strong>Établir des limites saines :</strong> Soyez clair(e) sur ce que vous pouvez offrir, comme un temps d''écoute ou des conseils, tout en reconnaissant vos propres limites.</li>
    <li><strong>Déléguer si nécessaire :</strong> Encouragez-les à consulter un professionnel de santé mentale ou à rejoindre un groupe de soutien si leurs besoins dépassent ce que vous pouvez fournir.</li>
    <li><strong>Prendre soin de vous-même :</strong> Assurez-vous de consacrer du temps à vos propres besoins et passions. Cela peut inclure des moments de détente, d''exercice ou de socialisation.</li>
    <li><strong>Savoir dire non :</strong> Apprenez à refuser certaines demandes si elles risquent de nuire à votre équilibre. Aider ne signifie pas sacrifier votre propre bien-être.</li>
  </ul>

  <h2>Des gestes simples qui font la différence</h2>
  <ul>
    <li><strong>Proposer une aide concrète :</strong> Plutôt que de dire "Si tu as besoin d''aide, fais-moi signe," proposez des actions spécifiques, comme préparer un repas ou les accompagner à un rendez-vous.</li>
    <li><strong>Encourager les petits pas :</strong> Incitez-les à adopter des habitudes positives, comme aller marcher ou essayer une activité qu''ils apprécient.</li>
    <li><strong>Créer un environnement de soutien :</strong> Faites en sorte qu''ils se sentent en sécurité et acceptés sans crainte de jugement.</li>
  </ul>

  <h2>Reconnaître vos propres besoins émotionnels</h2>
  <ul>
    <li><strong>Identifier les signes d''épuisement émotionnel :</strong> Si vous vous sentez irritable, fatigué(e) ou dépassé(e), c''est peut-être un signe que vous devez faire une pause.</li>
    <li><strong>Demander du soutien pour vous-même :</strong> Parlez à un ami ou un thérapeute si vous ressentez le besoin de partager vos propres émotions.</li>
  </ul>

  <h2>Conclusion</h2>
  <p>Aider un proche en difficulté est un acte admirable, mais cela ne doit pas se faire au détriment de votre bien-être. En établissant des limites saines et en reconnaissant vos propres besoins, vous serez mieux équipé(e) pour offrir un soutien durable et efficace. Rappelez-vous que prendre soin de vous-même est tout aussi important que de prendre soin des autres.</p>
',	'2025-03-03 00:00:00',	'2025-03-15 00:00:00'),
(2,	'Les bienfaits de la méditation sur la santé mentale',	'    <h1>Introduction</h1>
    <p>La méditation est une pratique ancienne qui trouve ses racines dans de nombreuses cultures et traditions spirituelles à travers le monde. Elle est devenue de plus en plus populaire en tant qu''outil de gestion du stress et d''amélioration de la santé mentale dans notre société moderne. Dans cet article, nous allons explorer en profondeur les bienfaits de la méditation, les différentes techniques disponibles, et comment intégrer cette pratique dans votre vie quotidienne.</p>

    <h2>Les effets de la méditation sur le cerveau</h2>
    <p>La méditation exerce une influence significative sur le cerveau, en particulier sur des zones clés telles que l''amygdale et le cortex préfrontal :</p>
    <ul>
        <li><strong>Réduction du stress :</strong> La méditation aide à réguler la réponse au stress en diminuant l''activité de l''amygdale, le centre de la peur et de l''anxiété dans le cerveau.</li>
        <li><strong>Augmentation de la concentration :</strong> Les techniques de méditation, comme la pleine conscience, renforcent le cortex préfrontal, ce qui améliore les capacités de concentration et de prise de décision.</li>
        <li><strong>Amélioration de l''humeur :</strong> La méditation stimule la production de neurotransmetteurs tels que la sérotonine, responsables de la sensation de bien-être.</li>
    </ul>

    <h2>Les types de méditation adaptés à la santé mentale</h2>
    <ul>
        <li><strong>La pleine conscience (mindfulness) :</strong> Concentration sur le moment présent, sans jugement. Aide à réduire l''anxiété et les pensées intrusives.</li>
        <li><strong>La méditation transcendantale :</strong> Utilisation d''un mantra répété pour apaiser l''esprit. Favorise une relaxation profonde et réduit le stress.</li>
        <li><strong>La méditation guidée :</strong> Idéale pour les débutants, avec des instructions vocales pour guider la relaxation. Utile pour se concentrer sur des objectifs spécifiques comme le sommeil ou la gestion du stress.</li>
    </ul>

    <h2>Les bienfaits mesurables</h2>
    <p>Des études scientifiques ont montré que la méditation régulière peut :</p>
    <ul>
        <li>Réduire les symptômes de dépression légère à modérée.</li>
        <li>Améliorer les troubles anxieux et les problèmes de sommeil.</li>
        <li>Renforcer le système immunitaire et diminuer les niveaux de cortisol (hormone du stress).</li>
    </ul>

    <h2>Intégrer la méditation dans votre quotidien</h2>
    <p>Pour tirer profit de la méditation, il est essentiel de la pratiquer régulièrement. Voici quelques conseils pratiques :</p>
    <ul>
        <li>Commencez par 5 minutes par jour, puis augmentez progressivement.</li>
        <li>Trouvez un endroit calme et créez une routine qui vous convient.</li>
        <li>Utilisez des applications ou vidéos pour vous guider si vous êtes novice.</li>
    </ul>

    <h2>Conclusion</h2>
    <p>La méditation est un outil puissant et accessible pour améliorer la santé mentale. Que vous soyez stressé, anxieux ou simplement en quête de plus de sérénité, cette pratique peut transformer votre bien-être général. Commencez dès aujourd''hui pour découvrir ses bienfaits dans votre vie.</p>
',	'2025-04-09 00:00:00',	'2025-04-09 00:00:00'),
(12,	'test1',	'ceci est un test',	'2025-05-10 21:55:42.75',	'2025-05-10 21:55:42.75'),
(14,	'Ceci est une titre de test3',	'    <h1>Introduction de test du matin 2</h1>
    <p>La méditation est une pratique ancienne qui trouve ses racines dans de nombreuses cultures et traditions spirituelles à travers le monde. Elle est devenue de plus en plus populaire en tant qu''outil de gestion du stress et d''amélioration de la santé mentale dans notre société moderne. Dans cet article, nous allons explorer en profondeur les bienfaits de la méditation, les différentes techniques disponibles, et comment intégrer cette pratique dans votre vie quotidienne.</p>

    <h2>Les effets de la méditation sur le cerveau</h2>
    <p>La méditation exerce une influence significative sur le cerveau, en particulier sur des zones clés telles que l''amygdale et le cortex préfrontal :</p>
    <ul>
        <li><strong>Réduction du stress :</strong> La méditation aide à réguler la réponse au stress en diminuant l''activité de l''amygdale, le centre de la peur et de l''anxiété dans le cerveau.</li>
        <li><strong>Augmentation de la concentration :</strong> Les techniques de méditation, comme la pleine conscience, renforcent le cortex préfrontal, ce qui améliore les capacités de concentration et de prise de décision.</li>
        <li><strong>Amélioration de l''humeur :</strong> La méditation stimule la production de neurotransmetteurs tels que la sérotonine, responsables de la sensation de bien-être.</li>
    </ul>

    <h2>Les types de méditation adaptés à la santé mentale</h2>
    <ul>
        <li><strong>La pleine conscience (mindfulness) :</strong> Concentration sur le moment présent, sans jugement. Aide à réduire l''anxiété et les pensées intrusives.</li>
        <li><strong>La méditation transcendantale :</strong> Utilisation d''un mantra répété pour apaiser l''esprit. Favorise une relaxation profonde et réduit le stress.</li>
        <li><strong>La méditation guidée :</strong> Idéale pour les débutants, avec des instructions vocales pour guider la relaxation. Utile pour se concentrer sur des objectifs spécifiques comme le sommeil ou la gestion du stress.</li>
    </ul>

    <h2>Les bienfaits mesurables</h2>
    <p>Des études scientifiques ont montré que la méditation régulière peut :</p>
    <ul>
        <li>Réduire les symptômes de dépression légère à modérée.</li>
        <li>Améliorer les troubles anxieux et les problèmes de sommeil.</li>
        <li>Renforcer le système immunitaire et diminuer les niveaux de cortisol (hormone du stress).</li>
    </ul>

    <h2>Intégrer la méditation dans votre quotidien</h2>
    <p>Pour tirer profit de la méditation, il est essentiel de la pratiquer régulièrement. Voici quelques conseils pratiques :</p>
    <ul>
        <li>Commencez par 5 minutes par jour, puis augmentez progressivement.</li>
        <li>Trouvez un endroit calme et créez une routine qui vous convient.</li>
        <li>Utilisez des applications ou vidéos pour vous guider si vous êtes novice.</li>
    </ul>

    <h2>Conclusion</h2>
    <p>La méditation est un outil puissant et accessible pour améliorer la santé mentale. Que vous soyez stressé, anxieux ou simplement en quête de plus de sérénité, cette pratique peut transformer votre bien-être général. Commencez dès aujourd''hui pour découvrir ses bienfaits dans votre vie.</p>
',	'2025-04-09 00:00:00',	'2025-05-11 04:38:57.843'),
(16,	'Clemence',	'Je t''aime mon boudou',	'2025-05-31 12:07:17.366',	'2025-05-31 12:07:17.366');


INSERT INTO "Respiration" ("id", "nom", "description", "inspiration", "apnee", "expiration") VALUES
(4,	'755',	'Exercice pour se détendre',	7,	5,	5),
(5,	'55',	'Exercice pour réduire le stress',	5,	0,	5),
(6,	'46',	'Exercice pour se concentrer',	4,	0,	6);

INSERT INTO "Soumet" ("id_Utilisateur", "id_Diagnostic", "date_", "id", "uuid") VALUES
(7,	9,	'2025-05-08 15:07:48.94',	45,	'2d77d16e-823b-43f9-ae18-2f6ba682e168'),
(7,	11,	'2025-05-08 15:07:48.94',	46,	'2d77d16e-823b-43f9-ae18-2f6ba682e168'),
(2,	7,	'2025-05-08 15:55:49.832',	47,	'5bcafb96-e98f-47d8-a416-fc0c64016ec7'),
(2,	9,	'2025-05-08 15:55:49.832',	48,	'5bcafb96-e98f-47d8-a416-fc0c64016ec7'),
(2,	10,	'2025-05-08 15:55:49.832',	49,	'5bcafb96-e98f-47d8-a416-fc0c64016ec7'),
(2,	7,	'2025-05-08 15:56:20.974',	50,	'9198c740-d5ce-4ed0-9ba4-3408c56798e7'),
(2,	9,	'2025-05-08 15:56:20.974',	51,	'9198c740-d5ce-4ed0-9ba4-3408c56798e7'),
(2,	10,	'2025-05-08 15:56:20.974',	52,	'9198c740-d5ce-4ed0-9ba4-3408c56798e7'),
(2,	31,	'2025-05-08 15:56:20.974',	53,	'9198c740-d5ce-4ed0-9ba4-3408c56798e7'),
(2,	35,	'2025-05-08 15:56:20.974',	54,	'9198c740-d5ce-4ed0-9ba4-3408c56798e7'),
(2,	38,	'2025-05-08 15:56:20.974',	55,	'9198c740-d5ce-4ed0-9ba4-3408c56798e7'),
(2,	7,	'2025-05-08 15:59:18.737',	56,	'bd529ca9-886b-4682-8a57-080b578ae4b8'),
(2,	9,	'2025-05-08 15:59:18.737',	57,	'bd529ca9-886b-4682-8a57-080b578ae4b8'),
(2,	10,	'2025-05-08 15:59:18.737',	58,	'bd529ca9-886b-4682-8a57-080b578ae4b8'),
(2,	31,	'2025-05-08 15:59:18.737',	59,	'bd529ca9-886b-4682-8a57-080b578ae4b8'),
(2,	35,	'2025-05-08 15:59:18.737',	60,	'bd529ca9-886b-4682-8a57-080b578ae4b8'),
(2,	38,	'2025-05-08 15:59:18.737',	61,	'bd529ca9-886b-4682-8a57-080b578ae4b8'),
(2,	40,	'2025-05-08 15:59:18.737',	62,	'bd529ca9-886b-4682-8a57-080b578ae4b8'),
(2,	41,	'2025-05-08 15:59:18.737',	63,	'bd529ca9-886b-4682-8a57-080b578ae4b8'),
(2,	42,	'2025-05-08 15:59:18.737',	64,	'bd529ca9-886b-4682-8a57-080b578ae4b8'),
(2,	4,	'2025-05-08 16:00:13.763',	65,	'615219aa-1989-480b-ae50-8d09e5e39d48'),
(2,	5,	'2025-05-08 16:00:13.763',	66,	'615219aa-1989-480b-ae50-8d09e5e39d48'),
(2,	7,	'2025-05-08 16:00:13.763',	67,	'615219aa-1989-480b-ae50-8d09e5e39d48'),
(7,	1,	'2025-05-08 16:02:34.114',	68,	'606477ba-577e-47db-91f9-4f3a230885ef'),
(7,	2,	'2025-05-08 16:02:34.114',	69,	'606477ba-577e-47db-91f9-4f3a230885ef'),
(7,	3,	'2025-05-08 16:02:34.114',	70,	'606477ba-577e-47db-91f9-4f3a230885ef'),
(7,	4,	'2025-05-08 16:02:34.114',	71,	'606477ba-577e-47db-91f9-4f3a230885ef'),
(7,	5,	'2025-05-08 16:02:34.114',	72,	'606477ba-577e-47db-91f9-4f3a230885ef'),
(7,	6,	'2025-05-08 16:02:34.114',	73,	'606477ba-577e-47db-91f9-4f3a230885ef'),
(7,	7,	'2025-05-08 16:02:34.114',	74,	'606477ba-577e-47db-91f9-4f3a230885ef'),
(7,	11,	'2025-05-08 16:02:34.114',	75,	'606477ba-577e-47db-91f9-4f3a230885ef'),
(7,	4,	'2025-04-21 19:29:29.596',	25,	'a7ea1087-c015-4f84-98ff-a649d09370c9'),
(7,	5,	'2025-04-21 19:29:29.596',	26,	'a7ea1087-c015-4f84-98ff-a649d09370c9'),
(7,	6,	'2025-04-21 19:29:29.596',	27,	'a7ea1087-c015-4f84-98ff-a649d09370c9'),
(7,	9,	'2025-04-21 19:29:29.596',	28,	'a7ea1087-c015-4f84-98ff-a649d09370c9'),
(7,	30,	'2025-04-21 19:29:29.596',	29,	'a7ea1087-c015-4f84-98ff-a649d09370c9'),
(7,	31,	'2025-04-21 19:29:29.596',	30,	'a7ea1087-c015-4f84-98ff-a649d09370c9'),
(7,	32,	'2025-04-21 19:29:29.596',	31,	'a7ea1087-c015-4f84-98ff-a649d09370c9'),
(7,	33,	'2025-04-21 19:29:29.596',	32,	'a7ea1087-c015-4f84-98ff-a649d09370c9'),
(7,	35,	'2025-04-21 19:29:29.596',	33,	'a7ea1087-c015-4f84-98ff-a649d09370c9'),
(7,	38,	'2025-04-21 19:29:29.596',	34,	'a7ea1087-c015-4f84-98ff-a649d09370c9'),
(7,	40,	'2025-04-21 19:29:29.596',	35,	'a7ea1087-c015-4f84-98ff-a649d09370c9'),
(7,	43,	'2025-04-21 19:29:29.596',	36,	'a7ea1087-c015-4f84-98ff-a649d09370c9'),
(7,	2,	'2025-05-02 06:58:41.646',	37,	'40b28109-6fdd-47e4-b82d-a89f26af84e0'),
(7,	4,	'2025-05-02 06:58:41.647',	38,	'40b28109-6fdd-47e4-b82d-a89f26af84e0'),
(7,	2,	'2025-05-02 08:22:17.83',	39,	'e76eddde-b704-4107-a767-a26374acae0a'),
(7,	5,	'2025-05-02 08:22:17.83',	40,	'e76eddde-b704-4107-a767-a26374acae0a'),
(7,	12,	'2025-05-02 08:22:17.83',	41,	'e76eddde-b704-4107-a767-a26374acae0a'),
(7,	6,	'2025-05-08 15:07:48.94',	42,	'e97de829-2dc0-472f-a465-4414a7d0e6ea'),
(7,	9,	'2025-05-08 15:07:48.94',	43,	'e97de829-2dc0-472f-a465-4414a7d0e6ea'),
(7,	13,	'2025-05-08 15:07:48.94',	44,	'e97de829-2dc0-472f-a465-4414a7d0e6ea'),
(7,	6,	'2025-05-08 16:07:40.708',	76,	'5bf8eaf6-2e9e-4d33-b59b-1f89165f717f'),
(7,	7,	'2025-05-08 16:07:40.708',	77,	'5bf8eaf6-2e9e-4d33-b59b-1f89165f717f'),
(7,	8,	'2025-05-08 16:07:40.708',	78,	'5bf8eaf6-2e9e-4d33-b59b-1f89165f717f'),
(7,	10,	'2025-05-08 16:07:40.708',	79,	'5bf8eaf6-2e9e-4d33-b59b-1f89165f717f'),
(7,	12,	'2025-05-08 16:07:40.708',	80,	'5bf8eaf6-2e9e-4d33-b59b-1f89165f717f'),
(7,	14,	'2025-05-08 16:07:40.708',	81,	'5bf8eaf6-2e9e-4d33-b59b-1f89165f717f'),
(7,	15,	'2025-05-08 16:07:40.708',	82,	'5bf8eaf6-2e9e-4d33-b59b-1f89165f717f'),
(7,	19,	'2025-05-08 16:07:40.708',	83,	'5bf8eaf6-2e9e-4d33-b59b-1f89165f717f'),
(7,	4,	'2025-05-08 16:38:43.963',	84,	'c08c2859-387e-4c5e-9a50-7e0936bc63b0'),
(7,	6,	'2025-05-08 16:38:43.963',	85,	'c08c2859-387e-4c5e-9a50-7e0936bc63b0'),
(7,	8,	'2025-05-08 16:38:43.963',	86,	'c08c2859-387e-4c5e-9a50-7e0936bc63b0'),
(7,	9,	'2025-05-08 16:38:43.963',	87,	'c08c2859-387e-4c5e-9a50-7e0936bc63b0'),
(7,	13,	'2025-05-08 16:38:43.963',	88,	'c08c2859-387e-4c5e-9a50-7e0936bc63b0'),
(7,	15,	'2025-05-08 16:38:43.963',	89,	'c08c2859-387e-4c5e-9a50-7e0936bc63b0'),
(7,	43,	'2025-05-08 16:39:24.373',	90,	'799d39d4-4bd9-47c2-a836-83eb75c9a97f'),
(7,	6,	'2025-06-04 07:30:44.377',	91,	'6bb7488f-5d22-4154-bdc5-d2c38c7f69d0'),
(7,	9,	'2025-06-08 07:41:13.285',	92,	'21575261-31aa-4fc1-866b-aaef8f4145e6'),
(7,	12,	'2025-06-08 07:41:13.285',	93,	'21575261-31aa-4fc1-866b-aaef8f4145e6'),
(7,	33,	'2025-06-08 07:41:13.285',	94,	'21575261-31aa-4fc1-866b-aaef8f4145e6'),
(7,	36,	'2025-06-08 07:41:13.285',	95,	'21575261-31aa-4fc1-866b-aaef8f4145e6'),
(7,	5,	'2025-06-08 07:53:39.601',	96,	'41721f16-1a9d-4790-b49c-44717b5f0705'),
(7,	8,	'2025-06-08 07:53:39.601',	97,	'41721f16-1a9d-4790-b49c-44717b5f0705'),
(7,	30,	'2025-06-08 07:53:39.601',	98,	'41721f16-1a9d-4790-b49c-44717b5f0705'),
(7,	35,	'2025-06-08 07:53:39.601',	99,	'41721f16-1a9d-4790-b49c-44717b5f0705'),
(7,	5,	'2025-06-08 07:59:03.906',	100,	'e40c74d0-7def-498b-bf27-cd901b4d5ad9'),
(7,	8,	'2025-06-08 07:59:03.906',	101,	'e40c74d0-7def-498b-bf27-cd901b4d5ad9'),
(7,	30,	'2025-06-08 07:59:03.906',	102,	'e40c74d0-7def-498b-bf27-cd901b4d5ad9'),
(7,	32,	'2025-06-08 07:59:03.906',	103,	'e40c74d0-7def-498b-bf27-cd901b4d5ad9'),
(7,	33,	'2025-06-08 07:59:03.906',	104,	'e40c74d0-7def-498b-bf27-cd901b4d5ad9'),
(7,	35,	'2025-06-08 07:59:03.906',	105,	'e40c74d0-7def-498b-bf27-cd901b4d5ad9');

INSERT INTO "Utilisateur" ("id", "nom", "prenom", "email", "motDePasse", "isActif", "isAdministrateur") VALUES
(4,	'yazi',	'12345',	'yaa@ff65.com',	'password123',	't',	'f'),
(1,	'OUDJOUDI',	'Lyazide',	'lyazide@hotmail.com',	'password123',	't',	't'),
(7,	'OUDJOUDI',	'Lyazide',	'lyazide11@hotmail.com',	'$2b$10$H6Vfvz1F0ac2BIErKag0E.59p1lWZGW/iyvNNRNw5qqmL5dBAnLHm',	't',	't'),
(6,	'Lyazide',	'OUDJOUDI',	'lyazide11@gmail.com',	'Rebecca151205',	't',	't'),
(2,	'yaz',	'yaz',	'yaa@ff.co',	'Rebecca151205',	't',	't');

INSERT INTO "_prisma_migrations" ("id", "checksum", "finished_at", "migration_name", "logs", "rolled_back_at", "started_at", "applied_steps_count") VALUES
('d93f0fff-d78c-4ff4-98e4-76162ff41a8e',	'4847788c43a4f3440a8c6c9a7b67b77c7813fe0fad32dd3cebf00caf138bef32',	'2025-03-29 20:00:37.647481+01',	'20250329190037_initial',	NULL,	NULL,	'2025-03-29 20:00:37.570256+01',	1),
('a609491e-3c1c-4d8f-be01-2338e85fa513',	'130bb3561ca9e71c184342dc8f7e5f4b66fed7273d0f8e0ab1e66554818586ac',	'2025-04-06 15:59:11.869292+02',	'20250406135911_update_string_lenght',	NULL,	NULL,	'2025-04-06 15:59:11.81999+02',	1),
('acf8371b-6da8-4e56-b242-be756216592a',	'1ce87a08bd8397e704d8882c4e7e1a9938b4a6c719bca6e6e5c2b74d3d518b15',	'2025-04-09 22:17:55.014847+02',	'20250409201754_update_null_information',	NULL,	NULL,	'2025-04-09 22:17:55.004386+02',	1),
('33b8ad26-b693-42f4-8b85-5bf4cb878781',	'ef05805054fc09bc46165240ebb627b2e446e0151297a04c869b5a97732e31ae',	'2025-04-13 15:32:49.905625+02',	'20250413133249_update_respiration',	NULL,	NULL,	'2025-04-13 15:32:49.897938+02',	1),
('99548b16-fabe-4cf2-aece-1abba57d30cd',	'dc1db3870fc96c7d7d8d625eb9fe7ff106d4ccf58c9f4fde4ba46212381e0efe',	'2025-04-21 19:58:38.731134+02',	'20250421175838_soumet_updte',	NULL,	NULL,	'2025-04-21 19:58:38.696549+02',	1),
('bdd714c5-3690-4625-9262-71e195c96cc4',	'5c3af5160ed8087c0f9a75af6f1818db4190717194101e2d61b5aafc9774dde0',	'2025-04-21 21:19:47.894646+02',	'20250421191947_uuid',	NULL,	NULL,	'2025-04-21 21:19:47.886716+02',	1),
('cec7bb0b-23b5-4245-b702-8cde36635aef',	'573de518fd0424f7b8626c90621d4521c5e6c40f7c7964810fdb62772a631419',	'2025-04-21 21:25:03.67202+02',	'20250421192503_uuid',	NULL,	NULL,	'2025-04-21 21:25:03.667929+02',	1),
('1759b2f1-894b-44b1-b1f0-92a0cf3042b5',	'23c8b24237cf6c8d32467ef5610eb020e4bd2c7e6170d3154837c165faa6f965',	'2025-05-30 16:20:00.838825+02',	'20250530142000_picture_detente',	NULL,	NULL,	'2025-05-30 16:20:00.832157+02',	1),
('66564373-c628-4cef-94c3-38962a30eee8',	'f8c6238e9e1bc49f76bec01230000879d1abd9331d9f9629233492323828e406',	'2025-06-13 08:45:17.693807+02',	'20250613064517_emotionbase_uptade',	NULL,	NULL,	'2025-06-13 08:45:17.687033+02',	1);

ALTER TABLE ONLY "public"."Consulte" ADD CONSTRAINT "Consulte_id_Information_fkey" FOREIGN KEY ("id_Information") REFERENCES "Information"(id) ON UPDATE CASCADE ON DELETE RESTRICT NOT DEFERRABLE;
ALTER TABLE ONLY "public"."Consulte" ADD CONSTRAINT "Consulte_id_Utilisateur_fkey" FOREIGN KEY ("id_Utilisateur") REFERENCES "Utilisateur"(id) ON UPDATE CASCADE ON DELETE RESTRICT NOT DEFERRABLE;

ALTER TABLE ONLY "public"."Effectue" ADD CONSTRAINT "Effectue_id_Respiration_fkey" FOREIGN KEY ("id_Respiration") REFERENCES "Respiration"(id) ON UPDATE CASCADE ON DELETE RESTRICT NOT DEFERRABLE;
ALTER TABLE ONLY "public"."Effectue" ADD CONSTRAINT "Effectue_id_Utilisateur_fkey" FOREIGN KEY ("id_Utilisateur") REFERENCES "Utilisateur"(id) ON UPDATE CASCADE ON DELETE RESTRICT NOT DEFERRABLE;

ALTER TABLE ONLY "public"."Enregistre" ADD CONSTRAINT "Enregistre_id_Emotion_fkey" FOREIGN KEY ("id_Emotion") REFERENCES "Emotion"(id) ON UPDATE CASCADE ON DELETE RESTRICT NOT DEFERRABLE;
ALTER TABLE ONLY "public"."Enregistre" ADD CONSTRAINT "Enregistre_id_Utilisateur_fkey" FOREIGN KEY ("id_Utilisateur") REFERENCES "Utilisateur"(id) ON UPDATE CASCADE ON DELETE RESTRICT NOT DEFERRABLE;

ALTER TABLE ONLY "public"."Realise" ADD CONSTRAINT "Realise_id_Detente_fkey" FOREIGN KEY ("id_Detente") REFERENCES "Detente"(id) ON UPDATE CASCADE ON DELETE RESTRICT NOT DEFERRABLE;
ALTER TABLE ONLY "public"."Realise" ADD CONSTRAINT "Realise_id_Utilisateur_fkey" FOREIGN KEY ("id_Utilisateur") REFERENCES "Utilisateur"(id) ON UPDATE CASCADE ON DELETE RESTRICT NOT DEFERRABLE;

ALTER TABLE ONLY "public"."Soumet" ADD CONSTRAINT "Soumet_id_Diagnostic_fkey" FOREIGN KEY ("id_Diagnostic") REFERENCES "Diagnostic"(id) ON UPDATE CASCADE ON DELETE RESTRICT NOT DEFERRABLE;
ALTER TABLE ONLY "public"."Soumet" ADD CONSTRAINT "Soumet_id_Utilisateur_fkey" FOREIGN KEY ("id_Utilisateur") REFERENCES "Utilisateur"(id) ON UPDATE CASCADE ON DELETE RESTRICT NOT DEFERRABLE;

-- 2025-06-14 23:14:17.775905+02
